{
  "regex_compilation_overhead": {
    "compile_every_time": {
      "mean": 1.3596321077784523e-06,
      "median": 1.0725016181822866e-06,
      "stdev": 6.58380806935965e-07,
      "min": 9.759969543665648e-07,
      "max": 4.6720015234313905e-06,
      "total": 0.0006798160538892262,
      "iterations": 500
    },
    "use_precompiled": {
      "mean": 7.894298905739561e-07,
      "median": 7.089984137564898e-07,
      "stdev": 1.0490545280475502e-06,
      "min": 6.589980330318213e-07,
      "max": 1.8022001313511282e-05,
      "total": 0.00039471494528697804,
      "iterations": 500
    },
    "overhead_ratio": 1.722296208964079
  },
  "regex_element_creation": {
    "mean": 1.6706960232113487e-05,
    "median": 7.822498446330428e-06,
    "stdev": 8.032186844000594e-05,
    "min": 7.68499739933759e-06,
    "max": 0.000811363999673631,
    "total": 0.0016706960232113488,
    "iterations": 100,
    "patterns_per_iteration": 10
  },
  "regex_element_matching": {
    "mean": 8.354792614409234e-05,
    "median": 9.60830002441071e-05,
    "stdev": 2.55321824506298e-05,
    "min": 5.318000330589712e-05,
    "max": 0.00018853999790735543,
    "total": 0.04177396307204617,
    "iterations": 500
  },
  "regex_tagger_creation_small": {
    "mean": 1.9479139446048066e-05,
    "median": 1.1448497389210388e-05,
    "stdev": 4.875273240124424e-05,
    "min": 1.0024996299762279e-05,
    "max": 0.0003558449971023947,
    "total": 0.0009739569723024033,
    "iterations": 50,
    "pattern_count": 3
  },
  "regex_tagger_creation_medium": {
    "mean": 3.784603948588483e-05,
    "median": 2.1335497876862064e-05,
    "stdev": 0.00011563119688407518,
    "min": 1.8339000234846026e-05,
    "max": 0.0008390740040340461,
    "total": 0.0018923019742942415,
    "iterations": 50,
    "pattern_count": 6
  },
  "regex_tagger_creation_large": {
    "mean": 6.008381998981349e-05,
    "median": 3.0422001145780087e-05,
    "stdev": 0.00018407471761799712,
    "min": 1.706300099613145e-05,
    "max": 0.0013309709975146689,
    "total": 0.0030041909994906746,
    "iterations": 50,
    "pattern_count": 10
  },
  "regex_tagger_tagging": {
    "mean": 0.0041632436142099325,
    "median": 0.0039153625002654735,
    "stdev": 0.0009534438365678942,
    "min": 0.003597504000936169,
    "max": 0.015414244000567123,
    "total": 2.081621807104966,
    "iterations": 500,
    "tokens_per_iteration": 1400
  },
  "document_processing": {
    "mean": 0.08350397220056038,
    "median": 0.02028915200207848,
    "stdev": 0.13814733060879342,
    "min": 0.019039156002691016,
    "max": 0.3305310499999905,
    "total": 0.4175198610028019,
    "iterations": 5,
    "text_length": 48500
  },
  "metadata": {
    "timestamp": "2025-09-13T01:27:05.631610",
    "total_benchmark_time": 2.5555877685546875,
    "iterations": 500,
    "python_version": "3.11.11 (main, Mar 17 2025, 21:02:09) [Clang 20.1.0 ]",
    "platform": "Linux-6.14.0-29-generic-x86_64-with-glibc2.41"
  }
}