{
  "regex_compilation_overhead": {
    "compile_every_time": {
      "mean": 1.050323888193816e-06,
      "median": 1.005002559395507e-06,
      "stdev": 6.069440974871267e-07,
      "min": 9.270006557926536e-07,
      "max": 1.4002995158080012e-05,
      "total": 0.000525161944096908,
      "iterations": 500
    },
    "use_precompiled": {
      "mean": 7.374979613814503e-07,
      "median": 7.275011739693582e-07,
      "stdev": 1.5582801213660548e-07,
      "min": 6.830014172010124e-07,
      "max": 4.069996066391468e-06,
      "total": 0.00036874898069072515,
      "iterations": 500
    },
    "overhead_ratio": 1.4241719207282868
  },
  "regex_element_creation": {
    "mean": 1.514188974397257e-05,
    "median": 5.640999006573111e-06,
    "stdev": 9.119944395738058e-05,
    "min": 5.498004611581564e-06,
    "max": 0.0009178139953291975,
    "total": 0.001514188974397257,
    "iterations": 100,
    "patterns_per_iteration": 10
  },
  "regex_element_matching": {
    "mean": 6.114943808643148e-05,
    "median": 5.3776497225044295e-05,
    "stdev": 2.1385849595098364e-05,
    "min": 5.2301998948678374e-05,
    "max": 0.00024961600138340145,
    "total": 0.030574719043215737,
    "iterations": 500
  },
  "regex_tagger_creation_small": {
    "mean": 1.0316759871784597e-05,
    "median": 4.868004907621071e-06,
    "stdev": 3.13327779688258e-05,
    "min": 4.640998668037355e-06,
    "max": 0.00022632000036537647,
    "total": 0.0005158379935892299,
    "iterations": 50,
    "pattern_count": 3
  },
  "regex_tagger_creation_medium": {
    "mean": 1.867080049123615e-05,
    "median": 8.55499820318073e-06,
    "stdev": 6.015460494277972e-05,
    "min": 8.210998203139752e-06,
    "max": 0.00043385999742895365,
    "total": 0.0009335400245618075,
    "iterations": 50,
    "pattern_count": 6
  },
  "regex_tagger_creation_large": {
    "mean": 2.957487988169305e-05,
    "median": 1.3972497981740162e-05,
    "stdev": 0.00010782903991275978,
    "min": 1.3461001799441874e-05,
    "max": 0.0007766940034343861,
    "total": 0.0014787439940846525,
    "iterations": 50,
    "pattern_count": 10
  },
  "regex_tagger_tagging": {
    "mean": 0.004055264431866817,
    "median": 0.0038192104984773323,
    "stdev": 0.0008187125574091818,
    "min": 0.003574420996301342,
    "max": 0.013143235999450553,
    "total": 2.0276322159334086,
    "iterations": 500,
    "tokens_per_iteration": 1400
  },
  "document_processing": {
    "mean": 0.08297439839807338,
    "median": 0.021962546998111065,
    "stdev": 0.13838035060728407,
    "min": 0.01880517300014617,
    "max": 0.33049454700085334,
    "total": 0.41487199199036695,
    "iterations": 5,
    "text_length": 48500
  },
  "metadata": {
    "timestamp": "2025-09-13T01:39:05.588014",
    "total_benchmark_time": 2.4835124015808105,
    "iterations": 500,
    "python_version": "3.11.11 (main, Mar 17 2025, 21:02:09) [Clang 20.1.0 ]",
    "platform": "Linux-6.14.0-29-generic-x86_64-with-glibc2.41"
  }
}