{
  "raw_regex_operations": {
    "compile_every_time": {
      "mean": 0.00016340605374716687,
      "median": 0.00014065649884287268,
      "stdev": 5.8319057236527606e-05,
      "min": 0.00013489100092556328,
      "max": 0.0007851409973227419,
      "total": 0.08170302687358344,
      "iterations": 500
    },
    "precompiled": {
      "mean": 4.298077203566208e-05,
      "median": 4.130299930693582e-05,
      "stdev": 8.06506662155363e-06,
      "min": 4.0406004700344056e-05,
      "max": 0.00011844200344057754,
      "total": 0.021490386017831042,
      "iterations": 500
    },
    "overhead_ratio": 3.8018408234171623
  },
  "string_splitting_patterns": {
    "compile_every_time": {
      "mean": 0.00018425511007080786,
      "median": 0.00015509500008192845,
      "stdev": 5.837093779637359e-05,
      "min": 0.00015017799887573346,
      "max": 0.00046271400060504675,
      "total": 0.09212755503540393,
      "iterations": 500
    },
    "precompiled": {
      "mean": 0.00015777851999155247,
      "median": 0.00011985150194959715,
      "stdev": 5.67010880976731e-05,
      "min": 0.00011463600094430149,
      "max": 0.00036709100095322356,
      "total": 0.07888925999577623,
      "iterations": 500
    },
    "overhead_ratio": 1.1678085843413473
  },
  "extract_error_operations": {
    "mean": 0.0005976143639854854,
    "median": 0.0005369484970287886,
    "stdev": 0.00015083884385725863,
    "min": 0.0005231950053712353,
    "max": 0.0017129309999290854,
    "total": 0.2988071819927427,
    "iterations": 500,
    "strings_per_iteration": 100
  },
  "find_value_strings_operations": {
    "mean": 0.0007050110081472667,
    "median": 0.000681535999319749,
    "stdev": 0.00012736175093713058,
    "min": 0.0006391110000549816,
    "max": 0.0015835480007808656,
    "total": 0.35250550407363335,
    "iterations": 500,
    "strings_per_iteration": 120
  },
  "split_operations": {
    "mean": 0.0021042345619353,
    "median": 0.001911098002892686,
    "stdev": 0.0005257124921708971,
    "min": 0.0017878259968711063,
    "max": 0.004996882002160419,
    "total": 1.05211728096765,
    "iterations": 500,
    "strings_per_iteration": 140
  },
  "floats_operations": {
    "mean": 0.0011341862379194935,
    "median": 0.0010635430007823743,
    "stdev": 0.0002530837647032953,
    "min": 0.0010025530064012855,
    "max": 0.0032150979968719184,
    "total": 0.5670931189597468,
    "iterations": 500,
    "strings_per_iteration": 150
  },
  "normalizer_operations": {
    "mean": 0.0009361097241053358,
    "median": 0.000822761001472827,
    "stdev": 0.00026861636890953606,
    "min": 0.0007908749976195395,
    "max": 0.0023161290009738877,
    "total": 0.4680548620526679,
    "iterations": 500,
    "strings_per_iteration": 100
  },
  "tokenizer_operations": {
    "mean": 0.005095548105746275,
    "median": 0.004756783000630094,
    "stdev": 0.001019837282582128,
    "min": 0.004464461002498865,
    "max": 0.010180457000387833,
    "total": 2.5477740528731374,
    "iterations": 500,
    "strings_per_iteration": 70
  },
  "document_processing_strings": {
    "mean": 0.2849206925020553,
    "median": 0.2849206925020553,
    "stdev": 0.3920583960977747,
    "min": 0.00769354200019734,
    "max": 0.5621478430039133,
    "total": 0.5698413850041106,
    "iterations": 2,
    "text_length": 11760
  },
  "metadata": {
    "timestamp": "2025-09-13T02:04:42.302488",
    "total_benchmark_time": 6.141506671905518,
    "iterations": 500,
    "python_version": "3.11.11 (main, Mar 17 2025, 21:02:09) [Clang 20.1.0 ]",
    "platform": "Linux-6.14.0-29-generic-x86_64-with-glibc2.41",
    "optimization_phase": "Phase 2 - String Operations Baseline"
  }
}